group,gc_bin,true_label,true_class,n,n_errors,error_rate,err_ci_low,err_ci_high,tn,fp,fn,tp,fpr,fnr,precision,recall,f1,accuracy,roc_auc,suppressed
100_400,<35,0,temperate,68992,11364,0.1647147495361781,0.16196564605002695,0.16750118815603038,57628,11364,0,0,0.1647147495361781,,0.0,0.0,0.0,0.8352852504638218,,False
100_400,<35,1,virulent,201896,50935,0.2522833538059199,0.2503935684882993,0.254182565513266,0,0,50935,150961,,0.2522833538059199,1.0,0.7477166461940801,0.8556497391294491,0.7477166461940801,,False
100_400,35-45,0,temperate,80704,18552,0.22987708168120538,0.22698710377775858,0.23279277371721954,62152,18552,0,0,0.22987708168120538,,0.0,0.0,0.0,0.7701229183187946,,False
100_400,35-45,1,virulent,480590,59512,0.12383112424311783,0.1229028728969337,0.12476538913804595,0,0,59512,421078,,0.12383112424311783,1.0,0.8761688757568822,0.9339978794855757,0.8761688757568822,,False
100_400,45-55,0,temperate,55214,11247,0.20369833737820117,0.20035964837471268,0.20707825329695453,43967,11247,0,0,0.20369833737820117,,0.0,0.0,0.0,0.7963016626217988,,False
100_400,45-55,1,virulent,274820,32438,0.11803362200713194,0.11683266471520384,0.11924525747096942,0,0,32438,242382,,0.11803362200713194,1.0,0.881966377992868,0.9372817583845383,0.881966377992868,,False
100_400,>55,0,temperate,86164,11782,0.1367392414465438,0.13446138068570163,0.13904949134982086,74382,11782,0,0,0.1367392414465438,,0.0,0.0,0.0,0.8632607585534562,,False
100_400,>55,1,virulent,143294,54449,0.37998101804681284,0.3774711221692375,0.38249734874534824,0,0,54449,88845,,0.37998101804681284,1.0,0.6200189819531872,0.7654465643429152,0.6200189819531872,,False
400_800,<35,0,temperate,28136,4047,0.14383707705430765,0.1397852488041508,0.14798614716021238,24089,4047,0,0,0.14383707705430765,,0.0,0.0,0.0,0.8561629229456924,,False
400_800,<35,1,virulent,76434,13538,0.17712012978517414,0.17442988236629348,0.1798428304942521,0,0,13538,62896,,0.17712012978517414,1.0,0.8228798702148259,0.9028349960525371,0.8228798702148259,,False
400_800,35-45,0,temperate,34324,6316,0.18401118750728354,0.17994729058106207,0.18814580592133567,28008,6316,0,0,0.18401118750728354,,0.0,0.0,0.0,0.8159888124927165,,False
400_800,35-45,1,virulent,213038,17142,0.08046451806719927,0.07931700466526584,0.08162716115695956,0,0,17142,195896,,0.08046451806719927,1.0,0.9195354819328008,0.9580812551658703,0.9195354819328008,,False
400_800,45-55,0,temperate,22686,3251,0.14330424050074936,0.1388051714650157,0.14792408887944308,19435,3251,0,0,0.14330424050074936,,0.0,0.0,0.0,0.8566957594992506,,False
400_800,45-55,1,virulent,111494,8694,0.07797729025777173,0.07641788993587542,0.07956577065583204,0,0,8694,102800,,0.07797729025777173,1.0,0.9220227097422283,0.9594295687233427,0.9220227097422283,,False
400_800,>55,0,temperate,35616,5165,0.14501909254267745,0.1414004453909823,0.14871430626414284,30451,5165,0,0,0.14501909254267745,,0.0,0.0,0.0,0.8549809074573226,,False
400_800,>55,1,virulent,56808,15119,0.2661420926630052,0.2625238166284577,0.2697919943410052,0,0,15119,41689,,0.2661420926630052,1.0,0.7338579073369947,0.8465029391758124,0.7338579073369947,,False
800_1200,<35,0,temperate,18938,2511,0.13259055866511776,0.12783496004789016,0.1374951806222662,16427,2511,0,0,0.13259055866511776,,0.0,0.0,0.0,0.8674094413348823,,False
800_1200,<35,1,virulent,49394,6491,0.1314127221929789,0.12846191136822602,0.13442085992950417,0,0,6491,42903,,0.1314127221929789,1.0,0.868587277807021,0.9296726870862542,0.868587277807021,,False
800_1200,35-45,0,temperate,23046,4033,0.1749978304261043,0.17014648142622205,0.17995750836640764,19013,4033,0,0,0.1749978304261043,,0.0,0.0,0.0,0.8250021695738957,,False
800_1200,35-45,1,virulent,146716,7744,0.052782245971809486,0.0516497727649124,0.05393813753261018,0,0,7744,138972,,0.052782245971809486,1.0,0.9472177540281905,0.9728935062025706,0.9472177540281905,,False
800_1200,45-55,0,temperate,15248,1531,0.10040661070304302,0.09573649213230229,0.1052780192693755,13717,1531,0,0,0.10040661070304302,,0.0,0.0,0.0,0.899593389296957,,False
800_1200,45-55,1,virulent,74214,4856,0.06543239819980058,0.06367566794669914,0.06723411422759741,0,0,4856,69358,,0.06543239819980058,1.0,0.9345676018001994,0.966177249045775,0.9345676018001994,,False
800_1200,>55,0,temperate,23870,2552,0.10691244239631337,0.1030555253196681,0.11089586024310627,21318,2552,0,0,0.10691244239631337,,0.0,0.0,0.0,0.8930875576036866,,False
800_1200,>55,1,virulent,37642,9570,0.2542372881355932,0.24986374467926734,0.258660987853578,0,0,9570,28072,,0.2542372881355932,1.0,0.7457627118644068,0.8543689320388349,0.7457627118644068,,False
1200_1800,<35,0,temperate,14324,1720,0.12007819044959508,0.11485662446105084,0.1255034792376505,12604,1720,0,0,0.12007819044959508,,0.0,0.0,0.0,0.8799218095504049,,False
1200_1800,<35,1,virulent,36416,4336,0.11906854130052724,0.1157822760079484,0.12243516567505076,0,0,4336,32080,,0.11906854130052724,1.0,0.8809314586994728,0.9366970334034104,0.8809314586994728,,False
1200_1800,35-45,0,temperate,17582,2687,0.15282675463542258,0.1475840017229515,0.1582211808958921,14895,2687,0,0,0.15282675463542258,,0.0,0.0,0.0,0.8471732453645774,,False
1200_1800,35-45,1,virulent,113484,4914,0.04330125832716506,0.04213245381454644,0.0445009805026284,0,0,4914,108570,,0.04330125832716506,1.0,0.956698741672835,0.9778702477775676,0.956698741672835,,False
1200_1800,45-55,0,temperate,11440,1097,0.09589160839160839,0.09063091071019785,0.1014236075850237,10343,1097,0,0,0.09589160839160839,,0.0,0.0,0.0,0.9041083916083916,,False
1200_1800,45-55,1,virulent,55598,2594,0.046656354545127524,0.04493438871478967,0.048440962219690194,0,0,2594,53004,,0.046656354545127524,1.0,0.9533436454548725,0.9761146203568996,0.9533436454548725,,False
1200_1800,>55,0,temperate,18084,2130,0.11778367617783676,0.11316645421906828,0.12256324678079288,15954,2130,0,0,0.11778367617783676,,0.0,0.0,0.0,0.8822163238221632,,False
1200_1800,>55,1,virulent,28388,5983,0.210758066788784,0.2060529986347343,0.21554140467938887,0,0,5983,22405,,0.210758066788784,1.0,0.789241933211216,0.8822081782922844,0.789241933211216,,False
